url,feature_ux_cta_total,feature_ux_cta_above_fold,feature_ux_nav_link_count,feature_ux_form_field_count,feature_ux_image_text_ratio,feature_ux_whitespace_ratio,feature_ux_viewport_meta,feature_ux_responsive_breakpoints,feature_ux_has_hero_section,feature_ux_total_links,feature_content_word_count,feature_content_flesch_reading_ease,feature_content_flesch_kincaid_grade,feature_content_avg_sentence_length,feature_content_heading_hierarchy_score,feature_content_h1_count,feature_content_h1_unique,feature_content_paragraph_length_std,feature_content_value_prop_detected,feature_content_meta_description_length,feature_tech_pagespeed_mobile,feature_tech_pagespeed_desktop,feature_tech_lcp_seconds,feature_tech_cls,feature_tech_tbt_seconds,feature_tech_https,feature_tech_schema_markup,feature_tech_alt_text_coverage,feature_tech_external_css_count,feature_tech_external_js_count,feature_tech_page_size_kb,feature_trust_testimonials,feature_trust_client_logos,feature_trust_social_proof_count,feature_trust_phone_visible,feature_trust_email_visible,feature_trust_address_visible,feature_trust_privacy_link,feature_trust_social_link_count,feature_trust_has_video,feature_trust_has_pricing,score_ux,score_content,score_technical,score_trust,score_total,annotator_1,annotator_2,kappa_agreement
https://wpengine.com,1,1,0,0,0.0,0.099,0,0,1,8,37,77.77205882352943,10.858235294117648,2.64,0.0,0,0,0.0,0,136,,,,,,1,0,1.0,0,0,58.6,0,0,0,0,0,0,0,0,0,0,8.44,7.17,13.75,0.0,34.48,heuristic,heuristic,True
https://hashnode.com,9,9,9,0,3.497,0.059,0,0,0,55,411,63.52010585021627,8.525611199635787,17.25,0.8,2,0,91.39,0,162,,,,,,1,0,0.25,0,0,58.6,0,1,0,0,1,0,1,1,0,0,15.0,11.14,11.88,9.5,47.51,heuristic,heuristic,True
https://directus.io,4,1,21,0,2.933,0.075,0,0,1,27,205,-3.5997058823529358,30.654509803921574,9.42,0.5,0,0,14.0,0,153,57,,10.5,0.011,0.2,1,0,1.0,0,0,58.6,1,1,0,0,0,0,0,0,0,1,11.25,3.5,14.97,13.75,46.76,heuristic,heuristic,True
https://substack.com,16,4,0,0,7.38,0.06,0,0,0,20,129,53.909922480620196,9.30077519379845,14.44,0.5,0,0,48.47,0,30,,42,,,,1,0,0.667,0,0,58.6,0,0,0,0,0,0,0,0,1,0,15.0,6.82,12.92,0.0,38.12,heuristic,heuristic,True
https://themarketboxx.com,1,0,1,0,1.458,0.018,0,0,1,31,67,-26.589423076923026,25.04192307692308,22.33,1.0,1,1,0.0,0,77,100,100,1.3,0.0,0.0,1,0,0.0,0,0,58.6,0,1,0,0,0,0,0,0,1,1,5.94,8.75,20.0,8.75,50.75,heuristic,heuristic,True
https://300aidirectories.com,12,5,7,1,1.589,0.077,0,0,0,12,890,37.57246943179095,13.062385785449798,20.2,1.0,1,1,63.88,1,162,78,92,3.9,0.0,0.08,1,0,0.889,0,0,58.6,1,1,0,0,0,0,0,0,0,1,15.0,16.46,18.37,13.75,65.56,heuristic,heuristic,True
https://hardgraft.com,0,0,160,1,0.185,0.383,0,0,0,161,571,16.370000000000033,19.919444444444448,41.36,0.5,0,0,0.0,0,180,69,90,5.8,0.0,0.06,1,0,0.333,0,0,58.8,0,0,0,1,0,0,0,0,0,0,0.0,4.81,15.41,2.5,30.5,heuristic,heuristic,True
https://later.com,6,0,21,0,4.986,0.055,0,0,0,30,351,5.754778420038548,26.782658959537574,10.08,0.5,0,0,17.47,0,146,37,,73.5,0.203,0.44,1,0,0.636,0,0,58.6,1,1,0,0,0,0,0,0,0,1,5.62,4.02,10.56,13.75,35.62,heuristic,heuristic,True
https://bearblog.dev,1,1,0,0,0.0,0.174,0,0,0,13,105,66.58826530612245,7.449591836734697,15.0,1.0,1,1,14.45,0,38,97,100,1.7,0.0,0.09,1,0,1.0,0,0,2.1,0,0,0,0,0,0,1,0,0,0,3.44,14.26,21.97,2.5,51.31,heuristic,heuristic,True
https://www.theaceindustries.com,0,0,0,0,96.927,0.043,0,0,0,8,71,-7.564090909090879,30.710606060606064,71.0,0.5,0,0,23.48,0,40,73,97,4.9,0.046,0.0,1,0,0.22,0,0,29.8,0,1,0,0,0,0,0,4,0,0,0.0,3.12,15.82,6.75,33.22,heuristic,heuristic,True
https://drip.com,19,7,36,1,6.062,0.257,0,0,1,43,503,41.7014629258517,11.717483242346763,15.81,0.5,0,0,102.37,1,198,63,76,6.0,0.004,0.2,1,0,0.944,0,0,58.6,1,1,0,0,0,0,1,0,0,1,20.0,10.07,15.88,16.25,62.47,heuristic,heuristic,True
https://overreacted.io,2,0,2,0,0.235,0.067,0,0,0,59,787,68.72597086660754,6.496151286601599,11.41,0.5,0,0,14.01,0,21,72,100,10.4,0.0,0.03,1,0,1.0,0,0,35.4,1,0,0,0,0,0,0,0,0,0,1.88,11.39,17.6,5.0,42.77,heuristic,heuristic,True
http://www.memphischamber.com,10,2,5,0,3.755,0.09,0,0,0,94,485,37.786250000000024,11.963750000000001,11.34,1.0,1,1,39.78,1,114,,,,,,0,1,0.857,3,0,58.6,0,0,0,0,0,0,0,0,1,1,12.5,15.04,13.39,5.0,47.46,heuristic,heuristic,True
https://mauvesocial.com,8,1,6,0,1.175,0.172,0,0,0,27,130,-172.3617307692307,45.37423076923076,3.29,0.5,0,0,0.0,0,224,53,56,14.3,0.0,0.26,1,0,0.75,0,0,58.6,0,1,0,1,0,0,0,0,0,0,10.0,3.23,13.65,6.25,37.43,heuristic,heuristic,True
https://zapier.com,2,1,64,0,3.598,0.054,0,0,0,66,436,-167.41539170506908,90.51926267281107,218.0,0.0,0,0,18.73,1,150,,,,,,1,0,0.9,0,0,58.6,0,1,0,0,0,0,0,0,0,1,4.38,4.95,13.5,8.75,36.06,heuristic,heuristic,True
https://koala.com,2,1,0,0,1.145,0.024,0,0,0,0,55,-428.54670454545453,76.44886363636364,5.73,0.8,2,0,21.0,0,144,,,,,,1,0,0.0,1,0,58.6,0,0,0,0,0,0,0,0,0,0,4.38,5.0,11.25,0.0,25.5,heuristic,heuristic,True
https://madridweb.net,3,1,8,1,5.165,0.29,0,0,1,47,318,14.118746056782356,16.9151622352411,21.2,0.95,1,1,65.0,0,137,56,,15.1,0.017,0.06,1,0,1.0,0,0,58.7,0,0,0,0,0,0,0,0,0,0,10.31,9.22,14.8,0.0,39.3,heuristic,heuristic,True
https://strategicbookadvisors.com,4,1,8,0,6.689,0.086,0,0,0,31,421,47.82255474452555,11.451129648939869,16.88,0.7,5,0,103.94,1,0,54,73,20.9,0.145,0.04,1,0,0.85,1,0,47.8,0,0,0,1,1,0,0,3,0,1,6.25,11.94,14.07,12.25,46.88,heuristic,heuristic,True
https://levels.io,1,1,0,0,26.538,0.077,0,0,0,37,132,67.72986220472441,6.065967379077616,10.21,0.8,2,0,0.0,0,0,,,,,,1,0,0.955,0,0,58.7,0,0,0,0,0,0,0,0,1,0,3.44,10.77,13.64,0.0,33.19,heuristic,heuristic,True
https://impressivedigital.com,5,0,45,18,3.874,0.066,0,0,1,47,631,31.510955964325547,14.797785829307568,19.45,0.95,1,1,89.17,1,145,,,,,,1,1,0.368,2,0,58.6,1,1,5,1,0,0,0,0,0,0,9.69,14.31,14.67,11.25,51.67,heuristic,heuristic,True
https://insightgoat.com,9,1,9,0,1.96,0.299,0,0,0,31,1063,43.07061523178811,12.503606622516553,18.34,0.95,1,1,117.22,1,173,,,,,,1,0,1.0,0,0,58.6,1,0,0,0,0,0,0,5,0,1,10.0,17.59,13.75,13.75,55.07,heuristic,heuristic,True
https://bellroy.com,0,0,2,1,4.06,0.325,0,0,1,41,148,-17.927916666666647,24.144351851851855,36.5,0.0,0,0,2.49,0,189,,75,,,,1,0,0.143,0,0,58.6,0,0,0,0,0,0,0,0,0,0,5.0,0.17,11.61,0.0,22.71,heuristic,heuristic,True
https://mvmt.com,1,1,63,0,4.382,0.514,0,0,1,67,212,29.804525518341336,17.755765550239236,26.75,0.5,0,0,12.48,0,57,,,,,,1,0,0.0,2,0,58.6,0,0,0,0,0,0,0,0,0,0,8.44,3.53,11.25,0.0,27.57,heuristic,heuristic,True
https://ridgewallet.com,2,0,16,1,19.772,0.078,0,0,1,123,447,8.182452830188709,25.28471698113208,29.93,0.5,0,0,2.05,0,115,,,,,,1,0,0.986,1,0,58.6,0,1,0,0,0,0,0,0,0,0,6.88,4.36,13.71,3.75,33.94,heuristic,heuristic,True
https://rebelriotdigital.com,6,1,4,0,11.643,0.042,0,0,0,19,252,46.28415612348181,10.638722165991904,14.82,0.4,0,0,104.24,1,321,,76,,,,1,0,0.611,0,0,58.6,1,1,0,0,0,0,0,0,1,0,8.12,9.24,12.78,8.75,41.33,heuristic,heuristic,True
https://austin-web-services.com,9,2,9,0,1.491,0.078,0,0,0,67,626,30.654114932885932,13.610662751677854,19.06,0.95,1,1,65.99,1,397,,79,,,,1,0,1.0,0,0,52.4,1,1,0,1,1,1,1,0,1,1,12.5,14.16,13.75,21.25,60.33,heuristic,heuristic,True
https://css-tricks.com,2,0,7,0,4.094,0.164,0,0,0,172,823,34.263118677042826,14.864906614785994,27.43,1.0,1,1,62.08,0,0,,,,,,1,0,0.088,0,0,58.6,0,0,0,0,0,0,0,0,0,0,1.88,11.97,11.47,0.0,29.43,heuristic,heuristic,True
https://calendly.com,11,2,45,0,1.289,0.059,0,0,1,52,235,0.31134615384615927,27.74893162393163,8.35,0.95,1,1,45.57,0,133,,,,,,1,0,1.0,0,0,58.6,1,0,0,0,0,0,0,0,0,1,17.5,8.92,13.75,10.0,51.14,heuristic,heuristic,True
https://adspaceagency.com,12,3,0,0,0.954,0.077,0,0,0,0,275,37.00488240064885,11.879513381995135,9.0,0.0,0,0,77.76,0,82,,,,,,1,0,1.0,0,0,58.6,0,0,0,0,0,0,0,0,0,0,15.0,1.68,13.75,0.0,35.34,heuristic,heuristic,True
https://spotlightmediagroup.com,12,2,4,0,1.976,0.076,0,0,0,27,303,34.70426466297056,11.637540122556171,11.69,0.95,1,1,25.52,1,168,54,,9.9,0.0,0.53,1,0,1.0,0,0,25.6,0,1,0,1,1,0,1,0,1,0,12.5,13.62,14.45,11.25,53.01,heuristic,heuristic,True
https://solidbrain.net,5,2,68,1,2.442,0.261,0,0,0,71,429,-198.0279545454545,94.16803030303029,214.5,0.0,0,0,11.34,0,136,78,99,3.8,0.087,0.28,1,0,1.0,0,0,58.6,0,0,0,0,0,0,0,0,0,1,9.69,1.18,18.65,5.0,42.53,heuristic,heuristic,True
https://railway.app,1,0,1,0,0.344,0.094,0,0,1,6,696,43.57700342465756,11.71501902587519,6.38,1.0,1,1,0.0,1,132,,,,,,1,0,0.0,3,0,58.8,0,0,0,0,1,0,0,0,0,1,5.94,16.67,11.25,7.5,42.08,heuristic,heuristic,True
https://meetedgar.com,17,1,34,3,8.336,0.06,0,0,1,65,1068,47.63097209082309,11.143147000293613,17.9,0.9,1,1,93.11,1,133,,,,,,1,0,0.407,1,0,58.6,1,0,0,0,0,0,0,0,0,1,15.0,17.98,12.27,10.0,54.01,heuristic,heuristic,True
https://www.klm.com,7,3,0,0,4.219,0.034,0,0,1,8,120,52.57884033613445,11.838218487394961,24.0,1.0,1,1,42.91,0,153,,,,,,1,0,0.0,0,0,58.6,0,0,0,0,0,0,0,0,0,0,19.06,12.21,11.25,0.0,43.02,heuristic,heuristic,True
https://supabase.com,2,0,7,0,75.978,0.071,0,0,0,14,144,47.53333333333336,10.52141843971631,16.11,1.0,1,1,55.44,1,159,49,81,6.6,0.0,0.98,1,0,1.0,0,0,58.6,1,0,0,0,0,0,0,0,0,1,1.88,15.29,13.57,10.0,43.45,heuristic,heuristic,True
https://taniarascia.com,25,2,4,1,14.493,0.03,0,0,1,70,368,39.9637723919916,14.660273972602742,28.38,1.0,1,1,39.89,0,69,84,97,3.4,0.078,0.0,1,0,1.0,0,0,41.1,1,0,0,0,0,0,0,0,0,0,17.5,11.2,19.7,5.0,58.48,heuristic,heuristic,True
https://intercom.com,5,1,8,0,2.775,0.071,0,0,1,18,772,107.05363683079511,-0.2963215920769873,1.76,1.0,1,1,0.0,1,158,,,,,,1,0,1.0,0,0,58.6,0,0,0,0,0,0,0,0,0,1,12.19,22.4,13.75,5.0,53.67,heuristic,heuristic,True
https://socialbee.io,11,3,1,0,9.086,0.419,0,0,0,63,274,-21.453759225092227,33.08268450184502,54.8,1.0,1,1,0.0,1,127,69,,6.0,0.004,0.23,1,1,1.0,0,0,58.6,1,0,0,0,0,0,0,0,0,1,15.0,13.12,19.57,10.0,61.82,heuristic,heuristic,True
https://bspoq.com,19,1,9,0,14.487,0.059,0,0,1,33,392,31.5132456140351,15.157368421052631,24.44,1.0,1,1,0.0,1,153,78,65,3.2,0.003,0.26,1,0,0.944,0,0,37.2,0,1,0,0,0,0,1,3,1,0,15.0,13.77,18.51,8.5,59.43,heuristic,heuristic,True
https://startup-solve.lovable.app,8,0,0,0,0.271,0.092,0,0,0,8,524,6.627521551724158,20.439880268199236,32.81,1.0,1,1,44.17,0,66,67,93,5.4,0.0,0.03,1,0,1.0,0,0,58.6,1,0,0,0,0,0,0,0,0,1,7.5,10.26,16.72,10.0,48.97,heuristic,heuristic,True
https://thoughtmedia.com,6,0,69,1,1.336,0.086,0,0,0,245,509,-66.143137755102,37.701173469387754,63.75,0.5,0,0,148.44,0,159,,,,,,1,0,1.0,0,0,58.6,0,1,0,1,1,0,0,8,0,0,5.62,4.59,13.75,12.5,40.17,heuristic,heuristic,True
https://tentree.com,0,0,0,0,0.433,0.452,0,0,1,81,298,24.676916365824326,21.286480144404333,33.11,0.5,0,0,0.0,0,161,,,,,,1,0,1.0,0,0,58.6,0,0,0,0,0,0,0,0,1,0,5.0,3.83,13.75,0.0,29.07,heuristic,heuristic,True
https://rei.com,10,8,8,1,0.0,0.07,0,0,0,65,221,-37.37167061611372,44.68106635071091,111.0,0.5,0,0,15.5,0,140,,,,,,1,0,1.0,0,0,58.6,0,0,0,0,0,0,0,0,0,0,15.0,3.56,13.75,0.0,36.85,heuristic,heuristic,True
https://agencymb.com,9,1,7,0,8.147,0.15,0,0,0,26,607,51.81696169963644,8.79681179515622,10.86,0.95,1,1,134.45,1,273,,,,,,1,0,0.083,1,0,58.6,1,1,0,0,0,0,0,0,1,1,10.0,17.27,11.46,13.75,51.15,heuristic,heuristic,True
http://www.dreamlocal.com,1,1,39,0,8.929,0.032,0,0,0,42,61,-35.15508474576268,32.82000000000001,31.0,0.5,0,0,0.0,1,932,,90,,,,0,0,0.75,0,0,58.6,0,0,0,0,0,0,0,0,0,0,3.44,6.88,10.62,0.0,25.25,heuristic,heuristic,True
https://pitchmode.org,7,2,5,0,3.011,0.08,0,0,0,11,347,59.19219065281902,9.18921513353116,16.48,1.0,1,1,38.48,0,0,60,94,13.2,0.055,0.08,1,0,1.0,0,0,51.9,1,0,0,0,0,0,1,0,0,1,11.56,14.01,15.5,12.5,55.26,heuristic,heuristic,True
https://omnisend.com,16,6,22,1,3.592,0.487,0,0,0,90,434,19.889261682243045,21.117887850467287,43.4,0.0,0,0,28.57,1,132,49,72,14.7,0.001,0.49,1,0,0.158,0,0,58.6,1,1,0,0,0,0,0,0,0,1,15.0,4.94,11.47,13.75,45.31,heuristic,heuristic,True
https://yougot.us,6,1,7,0,1.593,0.097,0,0,1,35,1208,29.260953754248646,13.2515480482027,15.72,0.8,2,0,210.08,1,114,86,82,3.2,0.058,0.01,1,0,0.857,1,0,27.4,1,0,1,0,0,0,0,1,0,1,13.12,12.71,19.69,10.75,60.77,heuristic,heuristic,True
https://bun.sh,2,0,7,0,7.084,0.038,0,0,0,35,394,60.36247745358094,7.5158969306555505,5.92,1.0,1,1,84.92,1,167,47,,12.4,0.024,1.39,1,0,0.944,0,0,58.6,0,0,1,0,0,0,0,0,0,1,1.88,18.1,13.08,5.0,40.92,heuristic,heuristic,True
https://evpromarketing.com,6,1,12,0,0.194,0.048,0,0,0,53,205,-583.319,107.042,51.25,1.0,1,1,27.08,0,117,89,94,2.4,0.116,0.0,1,0,0.0,0,0,58.6,0,0,0,0,0,0,0,0,0,0,8.12,9.12,18.07,0.0,42.72,heuristic,heuristic,True
https://www.johnnylynum.com,0,0,0,0,0.0,0.827,0,0,0,1,158,-5.941921675774125,17.45568306010929,18.44,0.0,0,0,0.0,0,338,41,63,13.0,0.0,0.69,1,0,1.0,0,0,58.6,0,0,0,0,0,0,0,0,0,0,0.0,0.21,12.17,0.0,19.65,heuristic,heuristic,True
https://patagonia.com,0,0,0,0,0.0,0.095,0,0,0,0,84,-18.75737951807227,26.185361445783133,41.5,0.0,0,0,0.0,0,150,,,,,,1,0,1.0,0,0,58.6,0,0,0,0,0,0,0,0,0,0,0.0,0.0,13.75,0.0,22.0,heuristic,heuristic,True
http://www.pillacm.com,5,1,23,0,3.457,0.109,0,0,0,80,330,48.2088235294118,11.255294117647061,16.14,0.95,1,1,49.88,0,114,,,,,,0,0,0.75,0,0,31.1,1,1,0,1,0,0,0,3,0,1,7.19,11.99,10.62,18.5,47.14,heuristic,heuristic,True
https://maildroppa.com,16,2,16,3,0.536,0.072,0,0,1,26,282,27.7145302299177,14.572472324723247,19.27,1.0,1,1,61.5,1,208,70,83,4.7,0.002,0.46,1,0,1.0,1,0,58.6,0,0,0,0,0,0,0,0,1,1,17.5,13.15,17.25,5.0,56.12,heuristic,heuristic,True
https://gymshark.com,7,4,131,0,3.359,0.032,0,0,1,142,463,-67.63792917628945,58.5498845265589,154.33,0.45,0,0,0.0,0,164,,,,,,1,0,1.0,0,0,58.6,0,0,0,0,0,0,0,0,0,0,19.06,4.11,13.75,0.0,40.54,heuristic,heuristic,True
https://ppcboost.com,2,0,0,0,31.25,0.026,0,0,1,15,61,8.200000000000017,19.320000000000004,9.43,1.0,1,1,0.0,1,77,49,64,16.2,0.104,0.45,1,0,0.125,0,0,58.6,1,1,0,0,0,0,0,0,0,0,6.88,12.5,11.39,8.75,40.72,heuristic,heuristic,True
https://mailchimp.com,3,1,3,0,0.0,0.094,0,0,0,11,44,61.20287878787883,8.366363636363637,8.8,0.5,0,0,27.72,1,126,,,,,,1,0,1.0,0,0,58.6,0,0,0,0,0,0,0,0,0,0,5.31,11.56,13.75,0.0,35.49,heuristic,heuristic,True
http://www.pushonline.com,7,0,13,1,10.994,0.175,0,0,1,45,575,27.64629790703995,14.811307420494703,22.15,0.85,1,1,74.35,1,0,49,,5.6,0.24,0.09,0,0,0.396,1,0,58.6,1,1,0,1,1,0,0,0,0,0,11.56,13.26,9.56,13.75,46.16,heuristic,heuristic,True
https://elitelegalmarketing.com,1,0,13,0,0.117,0.038,0,0,0,18,267,-159.54303370786516,101.84262172284645,1.59,0.0,0,0,0.0,0,158,,,,,,1,0,1.0,0,0,58.6,0,0,0,1,0,0,0,3,0,0,0.94,0.6,13.75,4.75,27.03,heuristic,heuristic,True
https://notion.so,2,1,47,0,0.609,0.047,0,0,1,48,175,18.980592105263185,21.232207602339177,2.06,0.5,0,0,0.0,0,124,,,,,,1,0,0.0,0,0,58.6,0,0,0,0,0,0,0,0,0,1,9.38,3.39,11.25,5.0,32.21,heuristic,heuristic,True
https://clickup.com,9,3,4,0,0.907,0.075,0,0,1,20,148,73.79256704980843,6.969195402298855,2.62,1.0,1,1,0.0,0,130,,,,,,1,0,0.0,0,0,58.6,0,0,0,0,0,0,0,0,0,1,20.0,15.49,11.25,5.0,50.39,heuristic,heuristic,True
https://jaymehta.co,6,0,50,0,8.154,0.136,0,0,1,121,302,-50.49198979591836,38.561394557823135,8.84,0.95,1,1,0.0,0,155,,,,,,1,0,1.0,0,0,58.6,1,1,0,0,0,0,0,6,0,0,10.62,9.16,13.75,12.5,47.83,heuristic,heuristic,True
https://inboxpirates.com,15,2,0,0,32.258,0.088,0,0,0,18,156,63.873946360153255,8.35264367816092,17.33,0.8,2,0,47.38,1,284,,,,,,1,0,0.63,0,0,58.6,1,0,0,0,0,0,0,0,1,1,12.5,14.03,12.82,10.0,49.74,heuristic,heuristic,True
https://airtable.com,0,0,20,0,0.0,0.064,0,0,1,20,199,-34.22272727272724,42.6270707070707,3.84,0.0,0,0,0.0,0,161,,,,,,1,0,1.0,0,0,58.6,0,0,0,0,0,0,0,0,0,0,5.0,0.35,13.75,0.0,26.28,heuristic,heuristic,True
https://gohighlevel.com,0,0,0,3,0.502,0.039,0,0,0,0,366,-137.1723630136986,77.73020547945205,183.0,0.0,0,0,0.0,0,113,28,,7.3,0.327,0.72,1,0,1.0,0,0,58.6,0,0,0,0,0,0,0,0,0,0,0.0,0.95,9.9,0.0,16.6,heuristic,heuristic,True
https://backlinko.com,4,0,89,2,0.0,0.064,0,0,0,95,1128,43.71026458616012,11.322862957937584,7.32,0.5,0,0,12.5,0,131,47,56,6.1,0.035,2.08,1,0,1.0,0,0,58.6,1,1,0,0,0,0,0,0,0,1,3.75,8.85,13.22,13.75,42.24,heuristic,heuristic,True
https://kinsta.com,47,13,44,1,0.133,0.148,0,0,1,52,198,-1805.8823076923074,274.8323076923077,39.6,0.9,1,1,30.0,1,140,,,,,,1,0,0.0,0,0,58.6,1,1,0,0,0,0,0,0,0,1,20.0,12.22,11.25,13.75,54.78,heuristic,heuristic,True
https://ritual.com,0,0,25,1,4.832,0.127,0,0,0,63,325,36.4123190503764,15.272026635784599,29.55,0.6,2,0,107.9,1,159,,,,,,1,0,0.941,1,0,58.6,0,1,0,0,0,0,0,0,0,0,0.0,9.27,13.6,3.75,32.18,heuristic,heuristic,True
https://hitchmedia.co,1,0,5,0,39.724,0.063,0,0,0,15,188,48.279275362318856,10.334565217391308,15.67,0.5,0,0,43.23,1,525,66,98,8.4,0.0,0.03,1,0,0.891,0,0,58.6,1,1,0,0,0,0,0,0,1,0,0.94,9.93,16.28,8.75,41.74,heuristic,heuristic,True
http://www.gaiare.com,0,0,0,0,0.0,0.862,0,0,0,1,62,-27.634999999999962,21.585555555555555,13.2,0.0,0,0,0.0,0,0,,63,,,,0,0,1.0,1,0,58.6,0,0,0,0,0,0,0,0,0,0,0.0,0.0,11.25,0.0,18.0,heuristic,heuristic,True
http://www.checkmysaas.com,4,2,5,1,2.333,0.079,0,0,1,57,634,42.90048498743445,11.391416604206167,16.79,0.95,1,1,92.2,1,220,55,69,29.7,0.0,0.3,0,0,1.0,0,0,50.9,1,1,0,0,0,0,1,5,0,1,13.75,16.03,12.12,20.0,59.22,heuristic,heuristic,True
https://webtek.co,2,0,30,1,2.753,0.071,0,0,0,151,487,6.422311320754716,20.827836178496558,32.47,0.95,1,1,90.78,1,141,86,85,2.1,0.002,0.31,1,0,0.1,0,0,58.6,1,1,0,1,1,0,0,0,0,0,1.88,13.57,17.8,13.75,51.84,heuristic,heuristic,True
https://vuemobi.com,1,0,9,0,2.041,0.1,0,0,0,40,572,29.108553315319085,13.334861775098734,16.76,1.0,1,1,101.86,1,137,86,98,3.9,0.049,0.0,1,1,1.0,0,0,58.6,1,1,0,1,0,0,0,0,1,0,0.94,14.19,22.55,11.25,57.18,heuristic,heuristic,True
https://www.glgcapital.com,4,0,6,2,5.126,0.102,0,0,0,22,487,26.260754716981154,13.682689221427026,15.44,0.75,1,1,81.82,1,146,60,68,13.5,0.0,0.09,1,1,0.36,3,0,58.6,1,1,0,0,0,0,0,3,0,0,3.75,12.32,16.4,11.0,47.9,heuristic,heuristic,True
https://www.corerecon.com,18,0,0,5,1.286,0.073,0,0,0,77,642,27.45332666666667,14.605720000000002,13.82,0.85,1,1,148.26,0,153,83,98,3.8,0.024,0.0,1,1,0.167,0,0,58.6,0,1,0,1,0,0,1,3,0,0,7.5,9.75,19.94,11.0,54.51,heuristic,heuristic,True
https://freshdesk.com,4,1,2,0,119.643,0.075,0,0,1,10,68,27.84470588235297,13.598823529411767,11.83,0.5,0,0,0.0,1,184,,,,,,1,0,0.478,0,0,58.6,1,0,0,0,0,0,0,0,0,1,11.25,6.88,12.44,10.0,42.41,heuristic,heuristic,True
https://warbyparker.com,18,2,17,0,13.32,0.056,0,0,1,23,63,-49.01114285714283,23.225587301587307,4.65,0.0,0,0,0.0,0,135,,,,,,1,0,0.077,0,0,58.6,0,0,0,0,0,0,0,0,1,0,17.5,0.0,11.44,0.0,32.31,heuristic,heuristic,True
http://skyhighjt.com,1,1,0,0,10.05,0.012,0,0,0,0,24,60.70500000000001,7.773333333333333,12.0,1.0,1,1,0.0,0,0,,,,,,0,0,0.0,0,0,40.6,0,0,0,0,0,0,0,0,0,0,3.44,13.36,8.75,0.0,27.43,heuristic,heuristic,True
https://openship.org,0,0,1,0,0.0,0.101,0,0,0,1,13,109.04000000000002,1.2800000000000011,1.8,0.0,0,0,0.0,0,69,70,93,5.4,0.025,0.1,1,0,1.0,0,0,58.6,0,0,0,0,0,0,0,0,0,0,0.0,7.5,17.25,0.0,33.6,heuristic,heuristic,True
https://getresponse.com,15,2,40,1,9.123,0.064,0,0,1,49,479,32.6846416309013,14.488845493562234,24.05,1.0,1,1,40.14,1,208,45,62,5.9,0.0,0.88,1,0,0.679,0,0,58.6,1,1,0,0,0,0,0,0,0,1,17.5,14.26,12.07,13.75,55.72,heuristic,heuristic,True
https://sendgrid.com,7,1,9,0,0.096,0.121,0,0,0,13,813,-449.60550364053654,78.26318171026078,2.23,1.0,1,1,37.03,0,98,,,,,,1,0,1.0,0,0,58.6,0,1,0,1,0,0,0,0,0,1,9.06,11.3,13.75,11.25,47.29,heuristic,heuristic,True
https://salientpr.com,6,1,14,0,1.58,0.232,0,0,0,53,101,-116.31699999999996,54.32599999999999,51.0,0.8,2,0,0.0,0,350,,,,,,1,0,0.8,2,0,58.6,0,0,0,0,0,0,0,0,0,0,8.12,5.0,13.25,0.0,31.7,heuristic,heuristic,True
https://leesa.com,7,3,0,0,27.694,0.053,0,0,1,68,289,-67.43107933579336,56.32658671586715,144.5,1.0,1,1,0.5,0,179,,,,,,1,0,1.0,1,0,58.6,1,0,0,0,0,0,0,0,1,0,19.06,9.43,13.75,5.0,48.79,heuristic,heuristic,True
https://fintrae.com,7,0,24,0,3.981,0.126,0,0,0,43,250,-14.226407563025163,30.02508403361345,62.5,0.5,0,0,23.05,0,159,,,,,,1,0,0.182,0,0,58.6,1,0,0,0,0,0,0,1,0,1,6.56,3.66,11.7,10.75,35.51,heuristic,heuristic,True
https://semrush.com,12,2,5,1,8.206,0.304,0,0,1,51,346,40.56410282258068,12.896068548387099,18.21,1.0,1,1,15.5,1,114,,67,,,,1,1,0.9,2,0,58.6,1,1,0,0,0,0,0,0,1,1,17.5,14.96,16.0,13.75,62.57,heuristic,heuristic,True
https://neon.tech,2,0,27,0,3.975,0.069,0,0,1,36,344,66.95872844574784,7.308485630498538,2.19,1.0,1,1,11.0,0,117,,,,,,1,0,0.083,0,0,58.6,1,0,0,0,0,0,1,0,0,1,6.88,15.17,11.46,12.5,45.96,heuristic,heuristic,True
https://curology.com,2,0,30,0,8.66,0.043,0,0,0,47,350,-3.1515789473683924,27.85929824561404,58.67,1.0,1,1,32.58,0,189,,,,,,1,0,0.905,0,0,58.6,1,0,0,0,0,0,0,0,0,0,1.88,9.64,13.51,5.0,34.83,heuristic,heuristic,True
http://www.riskwell.com,7,0,9,2,0.676,0.086,0,0,0,28,605,59.68974666142972,8.875964475866283,15.92,1.0,1,1,104.89,0,155,56,98,5.2,0.018,0.71,0,1,1.0,0,0,58.6,0,1,0,0,0,0,0,0,0,1,6.56,15.01,14.8,8.75,47.94,heuristic,heuristic,True
https://forethought.ai,3,3,0,2,0.0,0.039,0,0,1,15,986,13.5597256097561,19.00717479674797,29.21,0.0,0,0,50.27,0,118,,,,,,1,0,1.0,4,0,58.6,0,0,0,0,0,0,1,0,0,0,15.31,3.16,13.75,2.5,38.78,heuristic,heuristic,True
http://www.nouveauenterprises.com,0,0,9,2,1.356,0.102,0,0,0,37,729,50.98914483821264,11.47727272727273,18.45,0.9,1,1,192.52,1,0,53,74,4.8,0.641,0.0,0,1,0.5,0,0,20.6,0,0,0,1,0,0,0,1,0,0,0.0,17.27,13.03,3.25,37.26,heuristic,heuristic,True
https://www.getstrada.com,2,0,7,3,3.945,0.095,0,0,0,9,121,40.14447115384618,11.293237179487182,8.38,0.8,1,1,15.17,1,101,,,,,,1,0,0.0,0,0,58.6,1,0,0,0,0,0,0,0,0,0,1.88,12.85,11.25,5.0,33.78,heuristic,heuristic,True
https://vison.ai,27,7,12,1,7.022,0.058,0,0,1,18,650,63.50647300068354,7.580312469485406,11.42,1.0,1,1,43.95,0,157,28,,13.9,0.655,0.54,1,0,1.0,0,0,58.6,0,0,0,0,0,0,0,0,0,1,20.0,15.74,9.9,5.0,48.43,heuristic,heuristic,True
https://blankboxdigital.com,0,0,8,0,0.0,0.092,0,0,1,13,191,47.48200785340319,11.381513089005239,5.55,1.0,1,1,76.5,1,155,88,100,3.7,0.0,0.06,1,0,1.0,0,0,58.6,1,0,0,0,0,0,0,0,0,1,5.0,15.45,20.4,10.0,57.0,heuristic,heuristic,True
https://preezie.com,5,1,17,0,18.721,0.196,0,0,0,32,555,55.49659090909094,9.617727272727276,16.85,0.25,1,1,43.23,1,150,50,,47.1,0.0,0.43,1,0,0.955,0,0,58.6,1,1,0,0,0,0,1,0,1,1,7.19,13.26,13.64,16.25,51.18,heuristic,heuristic,True
https://render.com,3,1,27,0,0.0,0.062,0,1,0,34,96,8.302500000000038,24.025833333333328,48.0,1.0,1,1,0.0,0,140,,,,,,1,0,1.0,0,0,58.6,0,0,0,0,0,0,0,0,0,1,5.31,8.75,13.75,5.0,37.25,heuristic,heuristic,True
https://acuityscheduling.com,14,1,60,0,13.265,0.203,0,0,1,70,679,35.31585341365465,11.770060240963858,14.12,1.0,1,1,63.73,1,155,,,,,,1,0,0.434,0,0,58.6,0,0,1,0,0,0,0,0,1,1,15.0,15.37,12.33,5.0,48.03,heuristic,heuristic,True
https://saatva.com,12,10,72,1,8.36,0.04,0,0,1,73,247,-24.448850574712623,35.88120689655173,82.33,0.5,0,0,0.0,1,95,34,,18.9,0.0,0.93,1,0,1.0,0,0,58.6,0,0,0,1,0,0,0,0,0,0,20.0,7.4,10.95,2.5,41.44,heuristic,heuristic,True
http://www.kellogg.northwestern.edu,6,1,11,2,0.898,0.376,0,0,0,87,395,-12.950741849634056,24.285129740518965,43.89,0.5,0,0,30.34,1,154,77,68,2.9,0.053,0.37,0,0,1.0,0,0,58.7,1,0,0,0,0,0,0,0,0,0,8.12,7.93,15.97,5.0,42.4,heuristic,heuristic,True
https://unbounce.com,10,1,53,2,6.871,0.223,0,0,1,60,970,31.69457768962849,16.36127676728586,29.39,1.0,1,1,76.24,1,173,,71,,,,1,0,1.0,0,0,58.6,0,1,0,0,0,0,0,0,0,1,15.0,15.86,13.75,8.75,53.69,heuristic,heuristic,True
https://ghost.org,17,13,14,0,9.355,0.069,0,0,0,53,602,45.37277769203067,11.36479703657972,16.75,1.0,1,1,60.27,1,167,66,75,26.7,0.0,0.02,1,0,0.541,0,0,58.6,0,1,0,0,0,0,0,0,1,1,15.0,16.6,15.4,8.75,56.92,heuristic,heuristic,True
https://loom.com,15,4,6,2,24.648,0.067,0,0,0,15,210,32.382863300492644,21.350283251231527,52.25,1.0,1,1,0.87,0,789,,,,,,1,0,0.964,5,0,58.6,1,0,1,0,0,0,1,0,1,1,15.0,9.5,13.66,12.5,51.46,heuristic,heuristic,True
https://siegemedia.com,3,1,56,0,6.902,0.123,0,0,0,57,146,-101.86321917808218,63.73767123287672,146.0,0.0,0,0,0.0,0,86,78,90,3.5,0.0,0.33,1,0,0.778,0,0,58.6,0,0,0,0,0,0,0,0,0,0,5.31,0.16,18.09,0.0,33.33,heuristic,heuristic,True
https://figma.com,8,0,53,0,2.057,0.057,0,0,0,68,287,-90.94496503496501,61.4695104895105,36.75,0.8,8,0,15.15,1,172,,,,,,1,0,0.75,3,0,58.6,1,1,0,0,0,0,0,0,1,1,7.5,9.42,13.12,13.75,45.53,heuristic,heuristic,True
https://stripe.com,13,7,7,0,1.196,0.063,0,0,1,22,114,59.02545454545455,7.555909090909093,3.1,0.8,2,0,0.0,1,149,45,,7.7,0.0,1.11,1,0,0.0,0,0,58.6,0,0,0,0,0,0,0,0,0,1,20.0,13.15,10.38,5.0,47.12,heuristic,heuristic,True
https://sanity.io,16,4,76,0,24.859,0.049,0,0,1,79,350,-10.669375000000002,30.646875000000005,50.0,1.0,1,1,37.85,1,109,,,,,,1,0,0.925,1,0,58.6,1,0,0,0,0,0,0,0,1,1,20.0,13.39,13.56,10.0,56.41,heuristic,heuristic,True
https://klaviyo.com,0,0,0,0,0.0,0.198,0,0,0,0,2649,10.247735981820512,14.655168158830133,7.29,0.0,0,0,0.0,0,201,,,,,,1,0,1.0,0,0,58.6,0,1,0,0,1,1,0,0,0,1,0.0,5.0,13.75,11.25,35.0,heuristic,heuristic,True
https://sproutsocial.com,16,6,4,1,15.368,0.072,0,0,1,13,426,34.87998582935563,14.899974642004775,23.83,1.0,1,1,55.23,1,173,,,,,,1,0,0.977,0,0,58.6,1,1,0,0,0,0,0,0,0,1,20.0,14.4,13.69,13.75,60.43,heuristic,heuristic,True
https://bigfolio.co,4,0,5,1,25.727,0.082,0,0,1,19,138,35.17318181818183,13.818787878787877,13.9,0.75,2,0,65.32,0,0,76,99,4.3,0.0,0.0,1,0,1.0,0,0,58.6,1,1,0,1,1,0,0,0,0,1,8.75,5.6,18.3,18.75,55.76,heuristic,heuristic,True
https://agamitechnologies.com,6,0,14,0,4.83,0.353,0,0,1,33,831,16.98420979020983,16.14557575757576,9.99,1.0,1,1,164.27,1,172,,,,,,1,0,1.0,0,0,58.6,1,1,0,0,0,0,0,4,0,1,10.62,15.11,13.75,16.75,55.99,heuristic,heuristic,True
https://drinkag1.com,9,2,22,0,13.624,0.044,0,0,1,38,220,44.296609674728955,12.004228523769807,16.0,0.0,0,0,15.88,1,194,,,,,,1,0,0.0,0,0,58.6,1,0,0,0,0,0,0,0,1,0,17.5,6.32,11.25,5.0,41.06,heuristic,heuristic,True
https://hims.com,9,1,1,0,15.636,0.044,0,0,1,22,469,51.30510427903633,9.894120819848975,15.13,0.95,1,1,195.65,0,176,,,,,,1,0,0.977,0,0,58.7,1,0,0,0,0,0,0,0,1,1,15.0,12.95,13.69,10.0,52.27,heuristic,heuristic,True
https://hubspot.com,0,0,0,0,0.0,0.081,0,0,0,0,2,120.20500000000001,-3.01,1.03,0.0,0,0,0.0,0,129,,,,,,1,0,1.0,0,0,58.6,0,0,0,0,0,0,0,0,0,0,0.0,7.5,13.75,0.0,28.0,heuristic,heuristic,True
https://ignitevisibility.com,17,1,80,0,2.757,0.186,0,0,1,103,952,10.151956521739152,17.55717391304348,20.1,0.5,0,0,160.12,1,141,,,,,,1,0,0.091,0,0,58.6,1,1,1,0,0,0,0,1,1,1,15.0,9.92,11.48,14.5,49.9,heuristic,heuristic,True
https://shopik.io,10,2,3,3,1.082,0.047,0,0,1,19,1139,61.893096136812716,8.941484499557134,16.78,1.0,1,1,106.35,0,59,73,98,5.2,0.0,0.07,1,0,0.286,0,0,36.2,1,0,0,0,0,0,0,0,1,1,17.5,17.24,15.99,10.0,61.38,heuristic,heuristic,True
https://wishpond.com,0,0,9,0,6.25,0.094,0,0,0,9,130,37.94158119658124,11.555641025641027,14.44,0.5,0,0,0.0,1,155,,,,,,1,0,0.0,0,0,58.6,0,0,0,0,0,0,0,0,0,0,0.0,8.17,11.25,0.0,24.54,heuristic,heuristic,True
https://lifeinmotion.com,9,1,0,0,1.262,0.105,0,0,0,56,717,26.577244617498877,14.306036036036037,18.87,0.8,3,0,219.31,1,218,56,,6.4,0.12,0.26,1,0,1.0,0,0,58.6,1,1,0,1,0,0,0,4,0,1,10.0,10.95,14.8,19.25,55.84,heuristic,heuristic,True
https://monday.com,3,1,2,0,15.564,0.067,0,0,1,54,193,17.908073298429343,20.2514554973822,38.8,1.0,1,1,0.0,0,207,,,,,,1,0,0.65,0,0,58.6,0,1,0,0,0,0,0,0,1,1,10.31,9.08,12.87,8.75,43.12,heuristic,heuristic,True
https://wearewomenowned.com,15,1,4,7,3.015,0.131,0,0,1,49,1022,41.135610815354454,13.276018492574952,23.18,0.65,1,1,137.01,0,112,56,67,19.1,0.0,0.05,1,0,0.45,0,0,58.9,0,1,0,0,0,0,1,10,0,1,15.0,11.53,13.43,15.0,54.7,heuristic,heuristic,True
https://deliciousdigitalmarketing.com,11,0,15,0,5.194,0.058,0,0,1,48,1149,46.22626437640031,11.141980582524273,17.55,0.7,2,0,186.31,1,157,37,77,9.3,0.0,1.24,1,0,0.0,0,0,43.7,1,1,0,1,1,1,1,4,0,1,12.5,14.31,8.97,24.25,55.2,heuristic,heuristic,True
http://elioplus.com,5,2,38,0,2.086,0.349,0,0,0,56,359,-36.275615994236276,39.87016570605188,71.8,0.5,0,0,27.83,1,174,68,96,6.6,0.027,0.04,0,0,1.0,0,0,58.6,1,1,2,0,0,0,0,3,0,1,9.69,7.8,14.4,16.0,49.83,heuristic,heuristic,True
https://emailio.fr,2,0,25,0,0.452,0.044,0,0,0,54,156,-2001.1769852941175,301.8856699346406,38.75,0.5,0,0,0.5,0,118,,91,,,,1,0,0.455,0,0,58.6,0,0,0,0,0,0,0,0,0,0,1.88,3.33,12.39,0.0,23.98,heuristic,heuristic,True
https://theleverageway.com,2,0,36,0,2.117,0.066,0,0,0,49,1080,29.717646489773358,14.046065505804314,19.89,0.9,1,1,227.4,0,0,65,86,8.6,0.0,0.15,1,1,0.125,2,0,58.7,1,1,0,0,0,0,0,0,0,1,1.88,11.62,16.69,13.75,48.5,heuristic,heuristic,True
https://paulgraham.com,0,0,0,0,59.259,0.059,0,0,0,4,24,82.47500000000001,4.240000000000002,7.67,0.0,0,0,0.0,0,0,95,100,2.2,0.1,0.0,1,0,0.0,0,0,4.8,0,1,0,0,0,0,0,0,0,0,0.0,7.5,19.12,3.75,39.6,heuristic,heuristic,True
https://swiftsites.app,0,0,0,0,0.0,0.084,0,0,0,0,20,68.0661842105263,6.125526315789475,10.0,0.0,0,0,0.0,0,0,56,87,8.2,0.0,0.0,1,0,1.0,3,0,1.6,0,0,0,0,0,0,0,0,0,0,0.0,5.71,14.8,0.0,28.25,heuristic,heuristic,True
https://vignovicagency.com,16,1,4,0,2.154,0.162,0,0,0,25,501,30.90428490945675,13.887546076458754,20.04,1.0,1,1,152.89,0,317,63,97,10.0,0.0,0.11,1,0,0.222,1,0,58.6,0,1,0,0,0,0,0,3,0,0,10.0,10.32,14.08,6.0,43.58,heuristic,heuristic,True
https://etosconsulting.com,9,1,20,0,14.75,0.124,0,0,0,60,392,39.543859915100086,13.413753790175868,21.78,0.5,0,0,34.53,0,106,,,,,,1,0,1.0,0,0,58.6,1,1,0,0,0,0,0,0,0,1,10.0,5.6,13.75,13.75,45.48,heuristic,heuristic,True
https://armlon.co.uk,6,1,2,6,0.993,0.105,0,0,1,8,273,28.634779683090954,13.225582808769268,15.28,0.65,2,0,59.53,0,0,,,,,,1,0,0.0,0,0,58.6,1,1,0,0,0,0,1,0,0,0,13.12,4.68,11.25,11.25,41.24,heuristic,heuristic,True
https://webfx.com,4,1,79,0,5.482,0.047,0,0,0,86,342,-320.40027522935776,139.1846483180428,342.0,0.5,0,0,1.96,0,147,,,,,,1,0,1.0,0,0,58.6,1,1,1,1,0,0,0,0,0,0,6.25,3.99,13.75,11.25,39.19,heuristic,heuristic,True
https://aqtos.com,8,0,23,2,14.154,0.192,0,0,1,38,634,50.85726923076925,10.594873626373627,17.24,0.6,3,0,76.94,1,99,,,,,,1,0,0.188,2,0,58.6,1,1,0,0,0,0,1,1,1,1,12.5,12.54,11.72,17.0,52.38,heuristic,heuristic,True
https://meetzizi.com,2,2,9,0,2.975,0.053,0,0,0,67,284,26.0971428571429,14.587857142857143,17.75,0.5,0,0,59.21,1,155,,,,,,1,0,1.0,3,0,58.6,1,1,0,1,0,0,0,0,0,0,6.87,7.53,13.75,11.25,42.53,heuristic,heuristic,True
https://www.useplunk.com,2,0,7,0,1.739,0.068,0,0,0,18,688,56.492964034725105,7.969237977125534,10.28,1.0,1,1,35.29,0,171,90,97,3.2,0.0,0.01,1,0,1.0,0,0,58.7,0,1,1,0,1,0,0,0,0,1,1.88,14.82,20.75,11.25,55.56,heuristic,heuristic,True
https://dogconnectors.com,10,1,0,0,4.624,0.062,0,0,0,21,226,36.03017857142862,15.189821428571431,17.77,0.8,3,0,0.0,0,699,,,,,,1,0,0.143,1,0,58.6,1,1,0,0,0,0,0,0,1,0,10.0,6.35,11.61,8.75,38.66,heuristic,heuristic,True
https://mixtapeagency.com,3,2,7,12,0.389,0.233,0,0,0,35,2074,7.643450784054465,18.51397883997733,20.74,0.8,1,1,114.9,1,151,,33,,,,1,0,0.889,0,0,58.7,1,1,0,0,0,0,0,2,0,1,7.81,16.25,13.47,15.25,53.01,heuristic,heuristic,True
https://approvalforge.com,0,0,1,0,0.0,0.001,0,0,0,1,2,-389928.095,54400.89000000001,2.0,0.0,0,0,0.0,0,0,,95,,,,1,0,1.0,0,0,58.6,0,0,0,0,0,0,0,0,0,0,0.0,0.0,13.75,0.0,22.0,heuristic,heuristic,True
https://memberpress.com,5,1,11,0,9.406,0.102,0,0,1,54,1183,43.88703921143846,10.721538561525133,12.87,0.85,1,1,102.26,1,172,54,,10.6,0.013,0.23,1,1,0.59,0,0,58.6,1,0,0,0,0,0,0,0,0,1,12.19,17.51,15.93,10.0,57.24,heuristic,heuristic,True
https://58clicks.com,10,3,6,1,16.194,0.156,0,0,1,30,131,50.13410256410259,11.649230769230773,21.83,1.0,1,1,0.0,0,180,55,,16.0,0.096,0.08,1,0,1.0,31,0,58.6,1,1,0,0,0,0,0,4,0,0,20.0,11.88,14.62,11.75,58.3,heuristic,heuristic,True
https://alistapart.com,3,0,5,1,0.762,0.105,0,0,1,76,975,39.01981416085462,12.912260969365239,19.48,0.45,0,0,102.09,0,28,98,100,2.1,0.005,0.03,1,1,1.0,0,0,33.5,0,0,1,0,0,0,1,2,0,0,7.81,7.29,24.65,4.0,54.72,heuristic,heuristic,True
https://convertkit.com,18,8,51,0,0.566,0.081,0,1,1,52,269,12.15342007434947,21.110897503983008,33.62,1.0,1,1,53.0,1,153,,,,,,1,0,1.0,0,0,58.6,1,0,0,0,0,0,0,0,0,1,20.0,13.1,13.75,10.0,56.48,heuristic,heuristic,True
https://rgagencyusa.com,3,0,11,0,9.845,0.09,0,0,1,61,317,46.919932126696835,12.562549019607847,24.38,1.0,1,1,60.63,0,148,,,,,,1,1,0.571,5,0,58.6,1,1,0,0,0,0,0,1,0,0,7.81,12.06,15.18,9.5,47.78,heuristic,heuristic,True
https://cajasdigital.com,1,0,3,0,1.665,0.09,0,0,0,34,765,18.05857483837019,15.840190572846186,19.45,1.0,1,1,28.51,1,348,61,90,8.0,0.025,0.12,1,0,0.889,0,0,58.6,1,1,0,1,0,0,0,3,1,0,0.94,14.88,15.4,13.5,48.09,heuristic,heuristic,True
https://brooklinen.com,1,1,7,0,1.17,0.217,0,0,1,93,581,57.0765596160945,8.574074894384974,10.96,0.0,0,0,81.19,0,156,,,,,,1,0,1.0,0,0,58.6,0,1,0,0,0,0,0,0,0,0,8.44,5.78,13.75,3.75,36.37,heuristic,heuristic,True
https://glassstaircase.org,3,0,24,0,6.892,0.047,0,0,1,57,236,32.50018831168833,14.464887445887449,23.6,0.7,5,0,3.38,0,194,,,,,,1,0,0.273,0,0,58.6,0,1,0,0,0,0,0,4,1,0,7.81,5.24,11.93,6.75,34.93,heuristic,heuristic,True
https://www.localrealestatedeveloper.com,17,1,11,9,2.287,0.082,0,0,0,27,405,38.831125541125544,14.21948051948052,19.62,0.95,1,1,56.74,0,122,100,100,1.5,0.0,0.0,1,0,0.0,4,0,58.6,0,0,0,0,0,0,0,5,1,0,10.0,10.85,20.0,3.75,51.68,heuristic,heuristic,True
https://teachable.com,15,0,36,0,6.866,0.04,0,0,1,50,557,31.03492375799314,15.925784554845059,24.39,1.0,1,1,25.63,1,137,60,,7.5,0.0,0.14,1,0,0.0,0,0,58.7,1,0,0,0,0,0,0,0,0,1,12.5,14.29,13.0,10.0,50.23,heuristic,heuristic,True
https://tawk.to,4,0,34,0,0.703,0.076,0,0,0,144,384,28.807941176470592,14.852745098039218,23.24,1.0,1,1,0.0,0,252,50,85,6.8,0.002,0.46,1,1,0.0,0,0,58.6,0,1,0,0,0,0,0,0,0,0,3.75,9.76,13.75,3.75,35.81,heuristic,heuristic,True
https://jotform.com,1,1,77,0,70.051,0.045,0,0,0,78,147,9.6780593607306,23.99958904109589,49.67,0.0,0,0,0.0,0,152,,,,,,1,0,1.0,1,0,58.6,0,0,0,0,0,0,0,0,0,0,3.44,0.17,13.75,0.0,24.88,heuristic,heuristic,True
https://helply.com,2,0,3,1,7.214,0.071,0,0,1,9,1008,56.80286866672711,8.57248281130634,10.99,1.0,1,1,31.31,1,148,,,,,,1,0,1.0,0,0,58.6,1,1,0,0,0,0,0,0,0,1,6.88,19.76,13.75,13.75,54.31,heuristic,heuristic,True
https://slademarketing.com,17,0,21,0,3.093,0.12,0,0,1,54,956,44.04596796893961,10.750490010515247,14.36,0.95,1,1,78.56,1,135,99,100,2.2,0.001,0.0,1,0,0.952,0,0,58.6,1,1,0,0,0,0,0,1,0,1,12.5,17.35,22.2,14.5,71.01,heuristic,heuristic,True
https://avexdesigns.com,6,3,4,8,8.639,0.049,0,0,1,42,894,22.205733606557374,15.466008196721315,21.83,1.0,1,1,47.6,1,290,,82,,,,1,0,0.558,0,0,41.3,1,1,0,1,1,0,0,0,1,0,18.12,15.34,12.64,13.75,58.0,heuristic,heuristic,True
https://fly.io,5,0,1,0,0.999,0.13,0,0,0,48,322,48.73869158878506,10.25865598575879,2.03,1.0,1,1,79.13,1,0,64,69,20.1,0.0,0.39,1,0,0.0,0,0,58.6,0,0,0,0,0,0,0,0,0,1,4.69,16.1,13.7,5.0,42.55,heuristic,heuristic,True
https://kajabi.com,21,2,6,2,15.427,0.051,0,0,1,32,648,40.07022387550339,14.550707801515255,24.0,1.0,1,1,45.16,1,160,,,,,,1,0,0.855,1,0,58.6,1,1,0,0,0,0,1,0,0,1,17.5,15.97,13.39,16.25,61.19,heuristic,heuristic,True
https://smashingmagazine.com,9,2,7,2,2.269,0.022,0,0,0,94,607,29.870623342175094,14.634827586206896,22.44,0.95,1,1,104.57,1,120,78,98,4.8,0.0,0.06,1,0,1.0,1,0,58.6,1,1,0,0,0,0,1,0,0,0,12.5,14.0,18.65,11.25,60.04,heuristic,heuristic,True
https://everlane.com,2,2,7,0,0.32,0.157,0,0,1,13,155,52.90283154121866,10.158924731182797,15.7,0.5,0,0,15.11,0,131,,,,,,1,0,1.0,11,0,58.6,0,0,0,0,0,0,0,0,0,1,11.88,6.76,13.75,5.0,40.91,heuristic,heuristic,True
https://victorious.com,14,1,26,0,0.572,0.108,0,0,0,32,160,38.52291509433965,11.836157232704405,15.9,0.0,0,0,38.88,0,148,,,,,,1,0,1.0,0,0,58.6,1,1,0,0,0,0,1,0,0,0,10.0,1.49,13.75,11.25,40.19,heuristic,heuristic,True
https://glossier.com,16,8,100,0,1.503,0.217,0,0,0,133,771,38.95645927601811,15.135196078431374,29.65,0.5,0,0,33.64,0,8,,,,,,1,0,0.1,0,0,58.6,0,0,0,0,0,0,0,0,0,0,15.0,6.86,11.5,0.0,35.89,heuristic,heuristic,True
https://envision-creative.com,24,2,31,0,6.511,0.112,0,0,0,107,1034,33.19740330150512,15.356651561741383,26.51,0.8,2,0,0.0,1,138,,65,,,,1,1,0.067,3,0,58.6,0,1,0,0,0,0,0,0,1,1,12.5,12.57,13.92,8.75,49.32,heuristic,heuristic,True
https://bradfrost.com,2,1,5,0,3.467,0.06,0,0,0,27,217,53.487829228243044,9.160906403940889,12.71,0.95,1,1,41.58,0,106,64,93,11.0,0.0,0.0,1,0,0.6,0,0,58.6,0,0,0,0,0,0,0,3,0,0,4.38,12.38,15.2,2.25,39.52,heuristic,heuristic,True
https://systeme.io,1,0,0,3,11.66,0.064,0,0,0,54,276,35.21836654366547,12.835335793357935,13.62,0.75,2,0,38.43,1,107,45,60,17.1,0.0,0.43,1,0,0.476,0,0,36.4,1,0,0,0,0,0,1,6,0,1,0.94,9.85,11.56,16.25,40.13,heuristic,heuristic,True
https://campaignmonitor.com,2,1,32,0,0.0,0.072,0,0,0,32,73,-31.760880281690106,26.508521126760566,18.75,0.5,0,0,0.0,0,131,,,,,,1,0,1.0,0,0,58.6,0,0,0,0,0,0,0,0,0,1,4.38,3.12,13.75,5.0,32.0,heuristic,heuristic,True
https://instapage.com,9,0,35,0,3.966,0.296,0,0,1,85,701,33.46166559691915,13.148786906290116,17.52,1.0,1,1,105.85,1,205,81,76,2.4,0.011,0.57,1,0,1.0,1,0,58.6,0,1,0,0,0,0,0,0,0,1,12.5,15.17,19.17,8.75,59.81,heuristic,heuristic,True
https://deno.com,0,0,19,3,11.197,0.089,0,0,0,29,198,20.325000000000017,16.386666666666667,18.55,1.0,1,1,0.0,0,165,,,,,,1,0,0.688,0,0,58.6,0,0,0,0,0,0,0,2,0,1,0.0,9.1,12.97,6.5,33.23,heuristic,heuristic,True
https://cloudflare.com,0,0,0,0,0.0,0.006,0,0,0,0,314,-1372.1677200577199,206.77458874458875,3.2,0.0,0,0,0.0,1,112,,62,,,,1,0,1.0,0,0,58.6,1,1,0,1,0,0,0,0,0,1,0.0,4.51,13.75,16.25,38.61,heuristic,heuristic,True
https://parachutehome.com,4,4,0,1,2.572,0.163,0,0,0,52,264,60.55671978751664,7.782185543540127,9.61,0.5,0,0,19.36,1,148,,,,,,1,0,0.5,11,0,58.6,0,0,0,0,0,0,0,0,0,0,11.25,12.04,12.5,0.0,38.64,heuristic,heuristic,True
https://vultr.com,4,1,69,4,0.0,0.103,0,0,1,71,210,26.52214285714288,17.012857142857147,26.25,0.0,0,0,0.0,0,92,,,,,,1,0,1.0,0,0,58.6,0,0,0,0,0,0,0,0,0,0,11.25,0.39,13.75,0.0,31.31,heuristic,heuristic,True
https://moz.com,20,0,86,2,2.335,0.292,0,0,1,105,1014,34.51177119445322,14.996279020905558,25.48,0.9,1,1,21.87,1,187,,,,,,1,0,0.211,0,0,58.6,1,1,0,1,0,0,0,0,0,1,12.5,15.82,11.78,16.25,54.5,heuristic,heuristic,True
https://nomadgoods.com,0,0,29,1,14.679,0.04,0,0,0,42,188,16.864262295082,26.06120218579235,38.2,0.0,0,0,14.75,0,155,,,,,,1,0,0.125,0,0,58.6,0,0,0,0,0,0,0,0,0,0,0.0,0.31,11.56,0.0,18.75,heuristic,heuristic,True
https://medium.com,2,1,0,1,3.195,0.092,0,0,0,21,51,34.25600000000003,14.692,25.5,0.5,0,0,4.41,0,102,61,67,4.2,0.0,1.15,1,0,1.0,1,0,11.8,0,0,0,0,0,0,1,0,0,0,4.38,3.76,15.68,2.5,33.59,heuristic,heuristic,True
https://upstash.com,1,0,5,4,0.701,0.08,0,0,0,31,500,28.158399715505,14.169601706970127,24.95,0.95,1,1,43.7,0,234,57,93,11.0,0.0,0.25,1,0,1.0,0,0,58.6,0,0,0,0,0,0,1,0,0,1,0.94,9.87,14.97,7.5,38.6,heuristic,heuristic,True
https://neilpatel.com,2,0,64,2,4.771,0.171,0,0,0,145,965,27.526136904761955,16.839696428571433,31.19,0.0,0,0,50.78,1,134,97,83,1.8,0.056,0.15,1,0,1.0,0,0,58.7,0,1,0,0,0,0,0,5,0,1,1.88,6.84,21.97,12.5,52.13,heuristic,heuristic,True
https://turso.tech,6,2,9,0,0.0,0.07,0,0,0,11,163,76.57245956497493,6.260256553262689,2.39,0.5,0,0,106.0,0,214,54,95,8.3,0.0,0.51,1,0,1.0,0,0,58.6,0,0,0,0,0,0,0,0,0,1,10.62,10.34,14.45,5.0,43.89,heuristic,heuristic,True
https://storyblok.com,24,6,40,0,13.505,0.075,0,0,0,46,377,19.88990322580645,19.726602150537634,25.27,1.0,1,1,56.07,0,122,60,77,9.6,0.0,0.19,1,0,0.268,0,0,58.6,1,1,0,0,0,0,1,0,0,1,15.0,9.74,13.67,16.25,54.66,heuristic,heuristic,True
https://digitalocean.com,5,1,7,0,0.0,0.059,0,0,0,28,306,-1.688823529411735,26.164705882352944,51.17,0.5,0,0,17.61,0,148,,,,,,1,0,1.0,0,0,58.6,1,0,0,0,0,0,0,0,0,0,7.19,3.86,13.75,5.0,34.84,heuristic,heuristic,True
https://e-commercesimplified.com,4,1,7,3,9.718,0.055,0,0,1,24,563,45.86405212177122,15.277707564575646,23.46,0.5,0,0,55.3,1,143,,,,,,1,0,0.862,25,0,58.6,1,1,0,1,0,0,0,0,0,1,11.25,10.91,13.41,16.25,52.17,heuristic,heuristic,True
https://admen.com,18,0,65,0,4.337,0.249,0,0,0,91,663,23.848576470588256,16.352305882352944,24.7,1.0,1,1,206.78,0,133,56,72,13.4,0.103,0.28,1,0,1.0,0,0,58.6,1,1,0,1,1,0,0,0,0,0,7.5,10.76,14.8,13.75,49.29,heuristic,heuristic,True
https://casper.com,1,0,1,0,2.506,0.226,0,0,0,116,468,52.98635064935067,9.14804329004329,13.06,1.0,1,1,18.95,1,127,,,,,,1,0,1.0,0,0,58.6,1,0,0,0,0,0,0,0,0,0,0.94,17.26,13.75,5.0,40.56,heuristic,heuristic,True
https://opgomarketing.com,7,0,28,0,5.721,0.049,0,0,0,108,619,40.066138870863085,14.184036340038936,26.91,0.85,1,1,160.6,0,261,78,95,4.7,0.001,0.07,1,0,0.875,0,0,58.6,1,1,0,0,0,0,0,0,0,1,6.56,11.18,18.34,13.75,54.53,heuristic,heuristic,True
https://thehumind.com,17,0,19,0,8.979,0.053,0,0,1,45,1249,39.64870107962216,11.662570850202432,15.26,0.8,2,0,134.21,0,146,44,56,5.7,0.439,0.26,1,0,0.974,0,0,50.0,1,1,0,0,0,0,1,1,1,0,12.5,10.55,12.64,12.0,48.26,heuristic,heuristic,True
https://allbirds.com,0,0,15,0,0.0,0.084,0,0,1,17,40,53.97105263157897,10.451578947368422,20.0,0.0,0,0,0.0,0,151,,,,,,1,0,1.0,0,0,58.6,0,0,0,0,0,0,0,0,0,0,5.0,3.6,13.75,0.0,28.88,heuristic,heuristic,True
https://sangfroidstudio.com,8,2,6,0,22.841,0.071,0,0,1,36,262,32.761953488372114,15.09913178294574,17.73,0.95,1,1,0.0,0,153,,52,,,,1,0,0.049,0,0,58.6,0,1,0,0,0,0,0,0,1,0,17.5,9.43,11.37,3.75,42.74,heuristic,heuristic,True
https://guardionprotection.com,4,0,23,0,4.492,0.041,0,0,0,42,452,-13.863256433007962,19.956306812580106,18.83,0.95,1,1,82.1,0,566,63,,14.7,0.035,0.0,1,0,1.0,0,0,58.6,0,0,0,0,0,0,0,0,0,1,3.75,9.69,16.02,5.0,40.4,heuristic,heuristic,True
https://ideapeddler.com,2,0,0,0,23.324,0.043,0,0,0,13,59,71.54274576271189,6.212,8.43,0.8,8,0,0.0,0,98,64,89,7.2,0.0,0.06,1,0,0.0,0,0,6.9,1,0,0,0,0,0,0,0,1,0,1.88,11.23,13.7,5.0,36.41,heuristic,heuristic,True
https://pecanstreetdigital.com,7,0,7,9,4.518,0.083,0,0,0,30,369,29.74796016283804,13.843288746728703,19.37,0.95,1,1,58.99,1,136,77,99,5.9,0.0,0.11,1,0,1.0,0,0,58.6,0,1,0,0,0,0,0,0,0,0,6.56,13.15,18.47,3.75,48.33,heuristic,heuristic,True
https://yahini.io,3,0,26,0,2.006,0.098,0,0,1,42,870,53.6228473396516,9.409590231625312,14.53,1.0,1,1,50.68,1,145,63,94,8.5,0.0,0.37,1,0,0.846,0,0,58.6,1,1,0,0,0,0,0,0,0,1,7.81,18.79,15.64,13.75,57.31,heuristic,heuristic,True
https://optimizely.com,2,0,4,0,0.444,0.029,0,0,1,10,96,-450.95736842105254,80.87894736842105,19.2,1.0,1,1,0.0,0,159,,,,,,1,0,0.0,0,0,58.6,0,1,0,0,0,0,0,0,0,1,6.88,8.75,11.25,8.75,37.5,heuristic,heuristic,True
https://kartra.com,23,13,37,5,7.399,0.049,0,0,1,51,598,24.33180412371138,16.75053019145803,27.14,0.45,0,0,64.22,1,141,,72,,,,1,0,0.061,0,0,58.6,0,1,0,0,0,0,0,0,1,1,20.0,8.34,11.4,8.75,47.92,heuristic,heuristic,True
https://novodash.com,0,0,0,0,0.0,0.094,0,0,0,0,2355,-61.63615384615383,66.86,1.8,0.0,0,0,0.0,0,0,,96,,,,1,0,1.0,0,0,58.6,0,0,0,0,0,0,0,0,0,0,0.0,5.0,13.75,0.0,26.0,heuristic,heuristic,True
https://activecampaign.com,1,1,69,2,0.902,0.064,0,0,1,71,449,-34.47362244897957,36.327154195011346,74.83,0.5,0,0,34.0,1,188,40,,13.1,0.001,0.7,1,0,0.0,0,0,58.6,0,1,0,0,0,0,0,0,0,1,8.44,8.12,9.5,8.75,35.45,heuristic,heuristic,True
https://beardbrand.com,3,1,1,1,4.07,0.157,0,0,1,86,804,45.69192904315776,12.483154661342343,22.97,1.0,1,1,60.81,1,121,65,96,10.0,0.001,0.25,1,0,1.0,0,0,58.6,0,0,0,0,0,0,0,5,0,0,10.31,17.37,16.37,3.75,51.34,heuristic,heuristic,True
https://vercel.com,6,6,25,4,0.0,0.064,0,0,1,29,345,16.300760869565238,17.10767080745342,24.71,0.5,0,0,8.02,1,111,44,,11.5,0.001,1.22,1,0,1.0,0,0,58.6,1,0,0,0,0,0,1,0,0,0,18.12,7.75,12.7,7.5,47.02,heuristic,heuristic,True
https://ugmonk.com,12,7,19,0,8.938,0.225,0,0,1,66,240,41.035522496371584,11.586981132075472,14.88,1.0,1,1,14.85,0,120,,,,,,1,0,0.72,0,0,58.6,0,0,0,1,0,0,0,1,1,0,20.0,10.91,13.05,3.25,48.2,heuristic,heuristic,True
https://middlewaymarketing.com,12,9,10,0,0.967,0.083,0,0,1,104,239,-209.51396551724133,100.11758620689655,239.0,1.0,1,1,0.0,0,151,,78,,,,1,0,1.0,0,0,58.6,1,1,0,0,0,0,0,8,1,0,20.0,9.25,13.75,12.5,55.4,heuristic,heuristic,True
https://kurlicodes.com,4,2,7,1,7.032,0.21,0,0,0,28,193,59.58593073593076,9.2167291967292,17.73,0.8,3,0,33.44,1,0,,,,,,1,0,0.8,0,0,58.6,0,1,0,0,1,0,0,3,0,0,8.75,13.52,13.25,8.5,45.82,heuristic,heuristic,True
https://hootsuite.com,0,0,1,0,10.204,0.028,0,0,0,2,7,18.44428571428574,12.425714285714289,3.0,0.0,0,0,0.0,0,131,,,,,,1,0,1.0,0,0,58.6,0,0,0,1,0,0,0,0,0,0,0.0,0.0,13.75,2.5,24.0,heuristic,heuristic,True
https://globaltrends.ca,6,0,18,0,15.228,0.046,0,0,0,55,221,8.804615384615431,18.490384615384617,13.81,1.0,1,1,2.49,0,134,59,,48.3,0.013,0.31,1,0,0.75,2,0,58.6,0,1,0,0,0,0,0,6,1,0,5.62,9.18,14.7,7.5,41.37,heuristic,heuristic,True
https://waitbutwhy.com,2,1,26,3,11.514,0.137,0,0,0,239,540,62.1689655172414,11.792413793103446,29.39,0.75,2,0,0.0,0,75,48,83,20.6,0.0,0.34,1,0,0.191,0,0,58.6,0,0,0,0,0,0,0,14,0,0,4.38,11.08,11.38,3.75,33.57,heuristic,heuristic,True
https://frankandoak.com,3,1,0,1,19.196,0.138,0,0,0,57,103,47.93765048543693,11.690601941747577,21.0,1.0,1,1,0.0,0,151,,,,,,1,0,0.048,0,0,58.6,0,0,0,1,0,0,0,0,0,0,5.31,11.45,11.37,2.5,33.6,heuristic,heuristic,True
https://thrivecart.com,10,2,5,0,2.4,0.069,0,0,0,7,281,17.879523809523818,16.562142857142856,20.64,1.0,1,1,67.5,1,148,,,,,,1,0,1.0,1,0,58.6,1,0,0,0,0,0,0,0,1,1,12.5,13.15,13.75,10.0,50.52,heuristic,heuristic,True
https://linear.app,7,4,9,1,3.531,0.066,0,0,1,12,353,71.24453684210528,6.720638596491231,2.37,0.95,1,1,27.5,0,64,,,,,,1,0,0.3,0,0,58.6,1,0,0,0,0,0,0,0,0,1,19.06,15.53,12.0,10.0,54.87,heuristic,heuristic,True
https://podia.com,13,4,11,0,2.954,0.17,0,0,1,25,384,49.809046073298475,10.10794345549738,15.36,1.0,1,1,63.13,1,113,74,73,3.8,0.0,0.38,1,0,0.4,0,0,58.6,0,0,0,0,0,0,0,1,1,1,20.0,16.49,16.45,5.75,60.11,heuristic,heuristic,True
https://typeform.com,13,1,53,0,10.349,0.059,0,0,1,58,368,36.71424776880582,15.05618784530387,28.46,1.0,1,1,50.2,1,158,,,,,,1,0,0.583,0,0,58.6,1,1,0,0,1,0,0,0,1,1,15.0,14.46,12.71,16.25,56.9,heuristic,heuristic,True
https://glidedesign.com,3,3,25,0,7.031,0.113,0,0,1,108,366,-0.6524668028600615,17.370347293156282,7.88,1.0,1,1,55.0,1,153,89,95,3.0,0.002,0.01,1,0,0.484,0,0,58.6,1,1,3,0,1,0,0,0,1,0,15.31,13.45,19.29,11.25,62.87,heuristic,heuristic,True
https://netlify.com,3,0,49,1,0.0,0.074,0,0,1,56,238,41.317842551071266,13.651808669656205,1.97,1.0,1,1,32.05,1,102,48,67,13.1,0.0,0.34,1,0,1.0,0,0,58.6,0,1,0,0,0,0,0,0,0,1,7.81,14.69,13.4,8.75,46.44,heuristic,heuristic,True
https://clickfunnels.com,12,3,25,1,7.699,0.046,0,0,1,42,367,36.40785714285718,15.137142857142859,28.15,1.0,1,1,45.9,0,153,,,,,,1,0,0.056,0,0,58.6,0,0,0,0,0,0,0,0,1,1,20.0,10.66,11.39,5.0,46.76,heuristic,heuristic,True
https://tuftandneedle.com,16,5,42,0,0.68,0.299,0,0,0,46,197,-134.25923076923073,80.42923076923077,197.0,0.0,0,0,13.79,0,174,,,,,,1,0,1.0,7,0,58.6,0,0,0,0,0,0,0,0,0,0,15.0,0.35,13.75,0.0,34.28,heuristic,heuristic,True
https://buffer.com,12,4,33,2,1.996,0.06,0,0,1,38,565,27.469865107913705,18.06070143884892,35.31,1.0,1,1,107.91,1,157,72,95,7.3,0.008,0.11,1,0,0.714,0,0,58.6,1,1,0,0,0,0,0,0,0,1,20.0,14.16,16.89,13.75,65.34,heuristic,heuristic,True
https://iconier.com,1,0,73,0,0.449,0.152,0,0,0,77,190,-177.99048387096772,84.29301075268818,190.0,0.5,0,0,0.0,0,195,,98,,,,1,0,1.0,0,0,58.6,0,1,0,1,0,0,0,0,0,0,0.94,3.45,13.75,6.25,30.51,heuristic,heuristic,True
https://www.octivdigital.com,0,0,129,0,3.306,0.05,0,0,0,129,1212,38.73814276244926,11.512010937111611,14.82,0.0,0,0,27.85,0,171,,,,,,1,0,0.407,0,0,58.6,1,1,0,1,1,0,0,0,0,0,0.0,5.28,12.27,13.75,34.85,heuristic,heuristic,True
https://www.seguroamigo.app,3,1,0,0,6.289,0.086,0,0,0,0,33,55.41272727272728,13.72848484848485,33.0,1.0,1,1,38.5,0,0,46,44,11.7,0.0,0.66,1,0,1.0,0,0,8.8,1,0,0,0,0,0,0,0,0,0,5.31,12.56,13.05,5.0,39.18,heuristic,heuristic,True
https://ahrefs.com,6,3,52,1,10.161,0.05,0,0,1,58,531,50.147368070157455,9.803195035642855,13.97,1.0,1,1,78.22,1,128,,,,,,1,0,0.941,0,0,58.6,1,1,1,0,0,0,0,1,1,1,18.12,17.06,13.6,14.5,61.51,heuristic,heuristic,True
https://contentful.com,8,8,48,0,18.936,0.05,0,0,0,49,347,-9.466776315789446,25.200043859649124,43.38,0.0,0,0,14.53,1,138,,,,,,1,0,1.0,0,0,58.6,1,1,0,0,0,0,0,0,0,1,15.0,4.63,13.75,13.75,48.71,heuristic,heuristic,True
https://bombas.com,3,2,0,0,35.857,0.026,0,0,0,15,121,-34.96880733944951,45.21541284403669,60.5,0.5,0,0,33.35,0,137,,,,,,1,0,0.111,0,0,58.6,0,0,0,0,0,0,0,0,0,0,7.81,3.2,11.53,0.0,27.25,heuristic,heuristic,True
https://outerknown.com,6,1,4,2,10.987,0.3,0,0,0,26,429,-72.98434532374098,44.158062350119906,36.08,0.0,0,0,9.4,0,232,,,,,,1,0,1.0,1,0,58.6,0,0,0,0,0,0,0,0,0,0,8.12,1.18,13.75,0.0,29.44,heuristic,heuristic,True
https://dev.to,6,5,14,1,1.356,0.143,0,0,0,67,195,25.312542955326478,17.761237113402064,16.92,0.5,0,0,17.08,0,83,68,99,8.2,0.0,0.1,1,0,1.0,3,0,58.6,0,1,0,0,0,0,1,2,0,0,13.12,3.46,16.9,7.75,46.51,heuristic,heuristic,True
https://growthx.innovatcs.com,0,0,78,1,0.962,0.079,0,0,0,244,688,-185.94268916155417,93.18625766871166,230.0,0.5,0,0,19.31,0,0,,,,,,1,0,1.0,0,0,58.6,1,0,0,1,1,1,0,5,0,0,0.0,5.23,13.75,13.75,37.18,heuristic,heuristic,True
https://www.releasesnotes.dev,5,0,7,0,2.066,0.082,0,0,0,15,675,39.26031411123711,11.824799063882697,16.39,1.0,1,1,103.31,1,166,73,100,5.5,0.0,0.08,1,0,1.0,0,0,23.5,1,0,0,0,1,0,0,1,1,1,4.69,15.94,17.77,13.25,55.54,heuristic,heuristic,True
https://webflow.com,16,2,38,0,0.0,0.039,0,0,0,41,158,-8.60299999999998,26.880666666666674,52.67,0.5,0,0,9.78,0,160,35,,8.2,0.215,0.59,1,0,1.0,0,0,58.6,0,1,0,0,0,0,0,0,0,0,12.5,3.33,11.12,3.75,33.47,heuristic,heuristic,True
https://drivinglocalleads.com,8,0,19,0,3.119,0.128,0,0,0,97,1117,28.90849301575932,14.646005850047757,20.8,0.95,1,1,89.8,1,174,38,75,15.5,0.738,0.06,1,0,0.042,0,0,58.8,1,1,1,0,0,0,0,0,1,1,7.5,15.82,9.25,13.75,44.46,heuristic,heuristic,True
https://chubbies.com,14,12,25,0,14.493,0.048,0,0,0,36,214,49.64172250423013,9.597989847715738,13.29,0.5,0,0,22.1,0,128,,,,,,1,0,0.895,0,0,58.6,0,0,0,0,0,0,0,0,1,0,15.0,6.48,13.49,0.0,38.76,heuristic,heuristic,True
https://www.producthunt.com,1,0,57,1,5.008,0.062,0,0,0,81,357,25.87703066271021,15.231347181008903,7.94,1.0,1,1,0.93,0,161,43,73,8.0,0.0,1.08,1,0,1.0,0,0,58.6,1,0,0,0,0,0,0,0,0,0,0.94,9.67,12.53,5.0,32.52,heuristic,heuristic,True
https://leadpages.com,1,0,4,1,8.244,0.075,0,0,1,4,395,57.35046536796537,8.448246753246753,11.88,1.0,1,1,66.13,1,161,,,,,,1,0,0.8,0,0,58.6,1,1,0,0,0,0,0,0,0,1,5.94,17.66,13.25,13.75,51.07,heuristic,heuristic,True
https://hibu.com,6,1,83,0,3.374,0.5,0,0,1,90,671,19.947573170731744,18.625475609756098,28.17,0.5,0,0,33.32,1,145,,,,,,1,0,0.824,0,0,58.6,1,1,0,0,0,0,0,0,0,1,13.12,8.91,13.31,13.75,49.93,heuristic,heuristic,True
